#{"t_start": 1686314906.9375455, "env_id": "SpaceInvadersNoFrameskip-v4"}
r,l,t
410.0,2461,3.256988
210.0,3041,3.976028
135.0,1703,4.376926
135.0,2033,4.850521
185.0,2731,5.508042
105.0,1869,5.956373
75.0,1287,6.262366
120.0,2035,6.740556
220.0,3117,7.485482
120.0,2177,7.999656
45.0,1665,8.397496
155.0,1893,8.854217
160.0,1927,9.377829
50.0,1785,9.808156
215.0,3061,10.530676
155.0,1935,10.989246
80.0,1495,11.347898
120.0,1791,11.788923
105.0,1813,12.222218
55.0,1779,12.648546
120.0,1997,13.120459
105.0,1523,13.486303
210.0,2319,14.041285
95.0,1579,14.418371
225.0,2857,15.093227
90.0,1599,15.480184
105.0,1913,15.939998
135.0,1869,16.392918
110.0,1731,16.806741
105.0,1525,17.171494
530.0,3575,18.012504
215.0,2591,18.623204
160.0,2533,19.223441
485.0,2639,19.844768
85.0,1961,20.313611
135.0,1965,20.785731
35.0,1221,21.085289
105.0,2123,21.599029
135.0,2281,22.143323
120.0,2119,22.655043
195.0,2745,23.629929
240.0,2869,24.339799
185.0,2347,24.901195
110.0,1517,25.261702
115.0,1355,25.591082
65.0,2191,26.116256
80.0,1833,26.557737
205.0,2151,27.070413
210.0,2521,33.067277
75.0,1743,33.488061
150.0,2231,34.026619
75.0,1147,34.306352
285.0,2545,34.913059
90.0,2503,35.518012
25.0,1021,35.767621
50.0,1589,36.15383
170.0,2141,36.669182
170.0,2289,37.220985
95.0,1835,37.665085
110.0,2125,38.179446
125.0,1497,38.540411
135.0,1893,38.999944
45.0,1587,39.384506
120.0,2215,39.919315
215.0,2529,40.527602
105.0,1909,40.991395
50.0,1657,41.392445
85.0,1413,41.734315
35.0,1269,42.043205
110.0,1863,42.494113
85.0,1901,42.955059
15.0,1663,43.361914
110.0,1983,43.843719
180.0,2341,44.408082
95.0,2369,44.983167
110.0,1971,45.459634
125.0,1647,45.860775
150.0,3019,46.586395
130.0,1313,46.905895
80.0,1453,47.259614
160.0,2263,47.831867
55.0,1847,48.523265
100.0,1759,49.024703
400.0,2719,49.679941
75.0,1479,50.04003
270.0,2629,50.667328
105.0,1815,51.109503
315.0,3105,51.85011
110.0,1865,52.303112
180.0,2071,52.80129
115.0,2327,53.363775
55.0,1075,53.624984
90.0,1777,54.057562
245.0,2515,54.66111
180.0,2175,55.18848
110.0,2079,55.690744
210.0,2055,56.187472
125.0,2045,56.68286
110.0,1855,57.135473
110.0,1731,57.55644
160.0,2047,62.166109
65.0,1157,62.451274
120.0,1855,62.906387
270.0,3127,63.662672
155.0,2071,64.175109
315.0,2803,64.852644
135.0,3279,65.649777
30.0,1193,65.943419
210.0,2663,66.58781
135.0,1939,67.065738
210.0,2693,67.722473
205.0,2403,68.309457
190.0,2119,68.849638
225.0,2847,69.859952
355.0,3097,70.590363
135.0,2721,71.254905
80.0,1545,71.638
235.0,3623,72.51761
30.0,1903,72.988174
55.0,1941,73.465836
155.0,2733,74.134114
125.0,1895,74.601604
105.0,1621,74.99995
770.0,3241,75.787767
110.0,1877,76.250277
80.0,1495,76.622434
135.0,2229,77.170181
140.0,1911,77.641597
150.0,2253,78.194324
105.0,1939,78.672662
345.0,2429,79.267186
50.0,1137,79.550325
80.0,1855,80.007689
130.0,2015,80.506936
310.0,2994,81.235026
120.0,2097,81.753568
105.0,2041,82.255861
155.0,2237,82.805176
150.0,1845,83.261906
80.0,1155,83.54862
215.0,2159,84.081776
240.0,3265,84.88217
180.0,1901,85.352076
105.0,1821,85.803617
135.0,2223,86.351256
70.0,1183,86.646443
120.0,1947,87.128886
110.0,2039,93.404243
30.0,1535,93.785067
645.0,4477,94.866794
35.0,1123,95.146244
110.0,2215,95.69927
90.0,1457,96.067179
20.0,1491,96.442551
110.0,1779,96.887506
110.0,1175,97.178983
180.0,1807,97.62574
100.0,1925,98.10269
110.0,1981,98.595289
80.0,2049,99.105147
80.0,1501,99.480025
365.0,2977,100.217275
135.0,2059,100.73107
150.0,2141,101.262529
160.0,2437,101.872983
80.0,2133,102.407678
215.0,2545,103.038973
80.0,1301,103.363888
105.0,1951,103.850878
75.0,1907,104.328528
65.0,1941,104.81507
65.0,1155,105.105904
180.0,2223,105.656404
370.0,2415,106.260802
140.0,2073,106.781695
110.0,1155,107.075636
15.0,1023,107.340876
45.0,1487,107.716894
135.0,1723,108.148769
35.0,1621,108.563756
240.0,4381,109.640252
105.0,1883,110.117938
145.0,2473,110.735403
155.0,2623,111.387688
0.0,1689,111.815101
120.0,1791,112.265717
75.0,1183,112.563427
80.0,1565,113.014108
95.0,1145,113.440707
85.0,1055,113.835539
485.0,3273,114.628043
135.0,1891,115.103658
120.0,1981,115.595968
80.0,1621,116.00281
220.0,2485,116.61921
80.0,1797,117.072562
5.0,1513,117.453357
35.0,1213,117.759012
185.0,1865,118.22607
260.0,2789,118.913571
25.0,2681,124.791677
135.0,1975,126.347875
20.0,1269,127.363366
165.0,1961,129.005295
325.0,2405,130.994221
45.0,1915,132.59516
155.0,2805,134.930449
290.0,3377,137.730642
100.0,2009,139.383445
130.0,1879,140.933891
320.0,4439,144.681928
285.0,3541,147.928296
350.0,3663,150.932626
515.0,4639,154.870798
45.0,1419,156.147886
135.0,2077,157.933438
205.0,2983,160.441934
375.0,2981,162.965464
120.0,1953,164.588529
500.0,4788,168.618338
120.0,2049,170.361485
455.0,4533,174.167071
80.0,1873,175.958529
110.0,1957,177.634724
75.0,2709,180.033667
230.0,2833,182.45728
135.0,2537,184.626974
210.0,2841,187.072304
490.0,3303,190.006008
220.0,2099,191.878514
20.0,2097,193.753201
200.0,3211,196.560035
180.0,2015,198.38857
355.0,4025,202.004142
530.0,3175,204.923506
15.0,1519,206.35218
365.0,4295,210.386331
200.0,1675,216.817606
240.0,2763,219.316728
250.0,3229,222.371521
120.0,3091,225.087533
110.0,2105,226.993744
175.0,2937,229.867535
115.0,1601,231.364529
255.0,2973,234.179908
630.0,4185,237.985035
205.0,2259,240.154556
240.0,2741,242.669733
115.0,1985,244.543097
235.0,2207,247.004007
95.0,2051,248.933228
135.0,1565,250.488116
155.0,1943,252.472478
195.0,2071,254.490208
190.0,3237,257.47736
110.0,1875,259.216567
195.0,2017,261.102619
345.0,2839,263.981049
115.0,1895,265.812387
365.0,5085,270.920044
85.0,2175,273.070325
290.0,2923,276.072993
315.0,3121,279.16565
395.0,3301,282.495508
395.0,3279,285.643979
315.0,3237,288.918398
205.0,2629,291.566252
110.0,2051,293.955368
240.0,2527,296.903584
190.0,3419,300.705213
225.0,3229,304.400717
200.0,2747,307.082203
135.0,1819,308.827154
135.0,2799,311.499155
335.0,2399,313.756491
210.0,2355,321.22299
285.0,2151,323.207905
465.0,3707,326.690806
280.0,2539,329.112267
160.0,1851,330.777315
210.0,1913,332.54181
190.0,1959,334.275723
105.0,1459,335.577258
90.0,1481,337.024081
205.0,2471,339.584943
185.0,2419,341.951905
155.0,1901,343.7579
75.0,1531,345.310119
150.0,3433,348.760556
210.0,2505,351.27696
350.0,3217,354.459421
120.0,2499,356.903873
200.0,1977,358.756512
180.0,1887,360.542392
305.0,2481,362.925481
70.0,1981,364.893357
210.0,1357,366.207721
75.0,1937,368.069842
120.0,2757,370.758128
235.0,3309,374.146379
180.0,1905,375.969415
105.0,2153,378.025419
185.0,2131,380.023265
170.0,1927,381.854069
145.0,1971,383.789607
370.0,4459,388.141249
105.0,2067,390.181466
255.0,4919,395.091623
115.0,1777,397.082759
180.0,2535,399.665038
255.0,2383,401.994263
225.0,3361,405.595698
200.0,2405,407.976503
160.0,1997,409.932798
110.0,1957,411.86695
370.0,3503,415.387295
220.0,3009,418.346078
285.0,2991,428.94269
305.0,2629,431.332219
160.0,1981,433.14886
265.0,2853,435.743419
95.0,1909,437.498124
230.0,1961,439.268308
160.0,2005,441.104034
110.0,1781,442.728073
270.0,2639,445.330287
185.0,1997,447.169405
205.0,2977,449.886877
180.0,1913,451.640415
115.0,1687,453.175361
205.0,2471,455.427433
185.0,1919,457.175972
320.0,2997,459.953977
435.0,4017,463.636659
165.0,1923,465.420968
200.0,1443,466.775078
300.0,3865,470.410213
135.0,2009,472.386828
245.0,1665,473.888728
200.0,2023,475.767632
170.0,2021,477.656437
275.0,2411,479.889097
70.0,1473,481.24175
285.0,3195,484.239876
230.0,2995,487.087058
360.0,3855,490.769753
160.0,1873,492.541723
85.0,1501,494.086166
80.0,1561,495.565792
125.0,1787,497.268592
140.0,2153,499.339668
115.0,1185,500.498957
260.0,2683,503.115798
400.0,2189,505.197055
435.0,2495,507.565585
145.0,1665,509.144876
215.0,2597,511.610072
265.0,3279,514.727695
240.0,4857,519.475501
175.0,1873,521.262508
325.0,2989,524.180657
320.0,3295,534.198197
150.0,1969,536.036839
195.0,1857,537.784372
80.0,1243,538.946033
180.0,2227,541.178671
155.0,1893,542.859024
75.0,1173,543.880448
600.0,4021,547.512897
105.0,1579,548.961314
165.0,1819,550.631342
375.0,3129,553.747957
40.0,1507,555.247025
85.0,1663,556.891083
485.0,3661,560.638926
285.0,2887,563.708843
270.0,2003,565.940342
315.0,3937,570.521243
210.0,2449,573.14264
350.0,2723,575.664235
200.0,2743,578.332778
435.0,3699,581.954013
215.0,2139,583.97661
120.0,1613,585.474256
85.0,1811,587.15206
180.0,1911,589.267484
155.0,1573,590.910635
395.0,3997,594.736582
395.0,4007,598.418289
210.0,1985,600.240263
180.0,3411,603.553176
305.0,4171,607.835427
115.0,1465,609.166214
225.0,2783,611.781834
120.0,1115,612.884673
245.0,2711,615.374278
140.0,2107,617.302822
235.0,2073,619.244298
325.0,2519,621.658085
265.0,2451,623.902441
235.0,1953,625.688341
220.0,2425,627.90643
80.0,1473,629.249825
105.0,2061,638.018101
335.0,2873,640.821717
550.0,3493,644.040404
180.0,2007,645.898475
195.0,2887,648.546394
155.0,1259,649.674424
75.0,1179,650.737221
120.0,1879,652.495759
400.0,2813,655.132418
530.0,3831,658.711431
125.0,1555,660.133812
470.0,4965,664.822293
215.0,2349,667.045801
415.0,3862,670.728041
80.0,1075,671.714828
295.0,2659,674.167203
485.0,2207,676.229968
105.0,1939,678.02859
155.0,1613,679.674882
365.0,3563,682.975347
165.0,2171,684.99627
270.0,2477,687.29596
575.0,3853,690.872421
235.0,2481,693.18567
260.0,3063,696.185609
115.0,1383,697.456644
215.0,1851,699.225404
335.0,3261,702.412545
115.0,1179,703.548775
175.0,1673,705.184568
125.0,1703,706.901173
225.0,2015,709.165252
520.0,2671,711.92716
545.0,4277,716.498008
200.0,2411,719.292034
165.0,1625,721.172905
575.0,4103,725.852888
90.0,1997,728.197666
460.0,2853,731.728487
185.0,2071,733.773672
410.0,2507,736.258927
490.0,3443,745.658152
345.0,3449,749.299359
145.0,1697,751.318327
410.0,3119,754.985865
380.0,3363,759.051268
260.0,2335,761.610632
350.0,2779,764.594223
245.0,2533,767.171075
310.0,3051,770.215436
520.0,3169,773.543373
700.0,3795,777.303805
180.0,1977,779.363597
170.0,2015,781.549506
205.0,2525,784.262525
195.0,2725,787.025058
295.0,2067,789.0692
290.0,3565,792.56127
250.0,1967,794.519244
135.0,1691,796.183286
160.0,2845,799.004651
315.0,2403,801.421315
425.0,3063,804.654606
260.0,2069,807.111262
440.0,5699,813.084239
255.0,1823,814.997884
440.0,4958,820.368278
685.0,4915,825.366043
245.0,2259,827.587677
230.0,2441,830.079722
75.0,1539,831.746512
275.0,2997,834.981228
335.0,3249,838.193075
260.0,2735,841.01072
80.0,1859,843.035648
170.0,2047,845.073148
130.0,1979,847.046999
375.0,2905,855.182169
320.0,3279,858.52993
505.0,2860,861.364404
170.0,2777,864.082495
75.0,1453,865.483907
350.0,2745,868.21612
225.0,1899,870.176383
215.0,1851,872.032821
230.0,2285,874.302636
285.0,3043,877.38083
415.0,3031,880.488426
540.0,4285,885.008767
405.0,3173,888.233446
155.0,1871,890.086637
440.0,3727,893.751659
375.0,3555,897.266801
280.0,2865,900.077497
275.0,3023,903.061345
295.0,3173,906.177137
165.0,2883,909.08129
570.0,4729,913.772978
175.0,2939,916.687424
195.0,1975,918.649519
200.0,2769,921.491428
430.0,3353,924.956128
190.0,1871,926.885015
545.0,5153,932.39469
125.0,1905,934.711875
130.0,1489,936.471007
135.0,1659,938.344807
55.0,1413,939.791703
455.0,3689,943.408749
180.0,1525,944.901476
425.0,4179,948.996454
245.0,3125,952.054827
560.0,3121,955.072078
290.0,3207,966.502947
505.0,2757,969.154823
250.0,3361,972.35447
205.0,1913,974.213549
570.0,3885,977.865434
135.0,1903,979.706906
250.0,2621,982.221262
495.0,3523,985.539433
90.0,2029,987.462033
300.0,2886,990.352658
180.0,1967,992.21762
190.0,1985,994.101318
205.0,2911,996.890104
115.0,2073,998.855496
110.0,1653,1000.425125
155.0,2305,1002.614743
215.0,2849,1005.271883
290.0,2693,1007.763032
190.0,1977,1009.61245
365.0,3853,1013.351215
100.0,1845,1015.151149
105.0,1943,1017.003986
505.0,3899,1020.657829
155.0,1443,1022.013572
335.0,3108,1024.9064
160.0,1863,1026.62114
90.0,1435,1027.927729
40.0,1939,1029.717791
305.0,3331,1032.814809
470.0,2757,1035.357909
130.0,1781,1037.024448
60.0,1755,1038.767278
185.0,2589,1041.225525
185.0,2021,1043.140052
140.0,1581,1044.63366
50.0,1175,1045.736328
440.0,2875,1048.474307
95.0,1327,1049.706864
100.0,1583,1051.186799
105.0,1645,1052.719607
170.0,1967,1054.575826
25.0,1551,1056.102301
55.0,1371,1057.413955
75.0,1487,1058.82499
255.0,2379,1061.216507
475.0,3681,1069.270719
140.0,1785,1070.944231
155.0,1791,1072.582735
150.0,1937,1074.356073
145.0,2223,1076.410908
305.0,2523,1078.738559
85.0,1465,1080.090495
50.0,1851,1081.809623
345.0,2531,1084.167529
225.0,2037,1086.23043
175.0,1845,1087.916906
245.0,3067,1090.750068
195.0,1909,1092.486787
195.0,1977,1094.295466
270.0,2627,1096.767571
550.0,3049,1099.607697
415.0,3297,1102.726156
365.0,2665,1105.277977
100.0,1029,1106.244827
225.0,2217,1108.479466
410.0,2979,1111.329073
210.0,2061,1113.298328
130.0,2009,1115.227209
130.0,1911,1117.052855
520.0,3259,1120.140885
260.0,2391,1122.420207
400.0,2529,1124.804595
340.0,2580,1127.274041
215.0,2311,1129.583322
270.0,2679,1132.114226
135.0,1345,1133.364244
230.0,2683,1135.910178
150.0,3131,1138.861014
160.0,2171,1140.908088
200.0,1935,1142.660143
110.0,1957,1144.441904
270.0,2165,1146.401179
50.0,1313,1147.601415
330.0,2671,1150.043799
350.0,2869,1152.815747
225.0,3299,1155.874966
360.0,2793,1158.428618
370.0,2705,1160.899671
220.0,1803,1162.541368
335.0,2809,1171.157834
270.0,2527,1173.417904
445.0,4817,1177.902317
215.0,1931,1179.633433
135.0,1671,1181.131519
350.0,2757,1183.623877
165.0,2311,1185.721346
400.0,3221,1188.63437
155.0,1733,1190.234241
260.0,2125,1192.151035
210.0,2451,1194.37698
260.0,2415,1196.570152
285.0,2903,1199.226374
155.0,2619,1201.623994
180.0,1731,1203.241854
370.0,2665,1205.776358
465.0,3055,1208.563706
80.0,1311,1209.754209
210.0,1595,1211.201678
200.0,2365,1213.364707
230.0,1997,1215.17599
530.0,2919,1217.832346
410.0,2575,1220.205179
165.0,1523,1221.593827
130.0,1501,1222.94743
440.0,3417,1226.139651
260.0,2965,1229.042167
110.0,1615,1230.520314
235.0,2417,1232.728873
150.0,2121,1234.668763
305.0,3473,1237.833998
190.0,1401,1239.119016
410.0,2779,1241.643064
320.0,2811,1244.274979
325.0,3285,1247.366084
670.0,3083,1250.297825
240.0,2681,1252.9043
435.0,3415,1256.095412
265.0,3201,1259.151441
225.0,1699,1260.74827
705.0,3671,1269.160751
240.0,2337,1271.524938
80.0,1121,1272.748078
250.0,1883,1274.82005
415.0,3971,1278.908728
265.0,2357,1281.210434
455.0,2721,1283.845128
140.0,1885,1285.668297
545.0,3425,1288.946378
545.0,4033,1292.808536
395.0,3345,1295.95328
50.0,1577,1297.407622
320.0,2339,1299.702883
265.0,2095,1301.647631
405.0,3350,1304.727154
220.0,2289,1306.84182
460.0,3939,1310.474441
415.0,2763,1313.021976
525.0,2597,1315.431545
265.0,2595,1317.837247
680.0,4759,1322.203458
245.0,2159,1324.203646
150.0,1933,1326.104786
305.0,2419,1328.320289
230.0,2941,1331.05186
420.0,3413,1334.205455
310.0,3194,1337.157641
300.0,2927,1339.859916
375.0,3907,1343.462958
395.0,3457,1346.636524
230.0,2351,1348.927295
365.0,3815,1352.454482
680.0,5005,1357.064692
115.0,1925,1358.83329
290.0,3165,1361.744334
485.0,4647,1374.374555
220.0,2589,1376.798786
405.0,2847,1379.4362
340.0,3492,1382.632067
210.0,2587,1384.982671
390.0,2935,1387.683511
370.0,2829,1390.30447
310.0,3311,1393.369991
215.0,2053,1395.339713
175.0,2025,1397.284038
455.0,3791,1400.968452
300.0,3143,1403.907427
195.0,2537,1406.265289
320.0,2940,1408.992157
410.0,3299,1412.037822
195.0,2775,1414.614664
450.0,3821,1418.146036
255.0,2249,1420.226609
300.0,3348,1423.353823
295.0,3219,1426.483179
365.0,2679,1428.963459
490.0,4015,1432.710983
280.0,2617,1435.158499
185.0,2705,1437.674714
440.0,2731,1440.215762
250.0,2255,1442.307104
180.0,1515,1443.721393
225.0,2333,1446.020967
105.0,1537,1447.452365
205.0,3187,1450.429517
95.0,1391,1451.704262
570.0,3569,1455.001796
470.0,3849,1458.577941
445.0,3049,1461.417373
390.0,3595,1464.763295
675.0,4001,1475.822496
225.0,2353,1478.037368
345.0,2759,1480.607149
165.0,2039,1482.490539
355.0,2775,1485.058773
145.0,1679,1486.663838
410.0,3505,1489.891657
80.0,1889,1491.641803
370.0,2857,1494.467739
245.0,2255,1496.589457
185.0,2075,1498.527775
360.0,2791,1501.131306
435.0,3107,1504.018355
440.0,3101,1506.927047
275.0,3085,1509.804491
180.0,2189,1511.934284
140.0,1823,1513.605488
545.0,5160,1518.410043
475.0,2667,1520.86386
290.0,2817,1523.435354
580.0,3565,1526.697062
570.0,3419,1529.876753
125.0,1433,1531.393442
600.0,4277,1535.591975
425.0,3829,1539.561658
515.0,4129,1543.758815
350.0,3273,1546.982845
295.0,2847,1549.681751
570.0,3984,1553.409055
305.0,2757,1556.008259
415.0,3239,1559.028738
415.0,2412,1561.300784
715.0,4929,1566.043072
385.0,3321,1569.182112
405.0,3993,1581.8342
50.0,1447,1583.184457
300.0,2521,1585.772602
365.0,3185,1588.986042
295.0,2847,1591.797005
350.0,3353,1595.085714
365.0,3625,1598.684036
405.0,3321,1601.900453
370.0,3089,1604.791981
420.0,3105,1607.711108
155.0,1885,1609.593685
710.0,4481,1613.782485
155.0,2321,1615.954971
240.0,2379,1618.181731
495.0,3923,1621.850503
305.0,2433,1624.196754
195.0,1603,1625.73396
140.0,1727,1627.393208
180.0,2153,1629.613942
545.0,3516,1632.976171
335.0,3270,1636.156332
260.0,2371,1638.402925
170.0,2131,1640.565267
510.0,2593,1643.265864
360.0,3531,1646.922194
435.0,2943,1649.752679
560.0,3831,1653.432747
415.0,4381,1657.73644
270.0,2619,1660.303785
180.0,1987,1662.202356
360.0,2514,1664.622805
155.0,2575,1667.131355
450.0,2849,1669.891106
355.0,3119,1672.874637
710.0,2665,1675.413348
165.0,2127,1677.421949
270.0,2419,1687.81197
800.0,4689,1692.252195
200.0,2247,1694.375652
555.0,4382,1698.518778
250.0,2779,1701.16785
415.0,2771,1703.77987
250.0,2911,1706.546743
350.0,3251,1709.748147
180.0,2149,1711.849767
390.0,3199,1714.996963
225.0,1865,1716.820383
190.0,2077,1718.847452
700.0,3573,1722.329432
250.0,2745,1724.977442
425.0,3015,1727.936878
370.0,3565,1731.471946
350.0,2805,1734.415341
240.0,2697,1736.9914
345.0,3307,1740.204566
310.0,2707,1743.073406
320.0,3379,1746.713476
105.0,2741,1749.708368
300.0,3215,1753.197817
235.0,2337,1755.628919
770.0,3683,1759.62528
350.0,2475,1762.465562
485.0,4271,1767.290501
385.0,3767,1771.566072
310.0,2703,1774.37649
365.0,3379,1777.654822
555.0,2561,1780.130852
510.0,3551,1783.693882
105.0,1497,1785.162006
500.0,3699,1788.968735
440.0,4087,1802.082305
470.0,3807,1805.927476
575.0,3807,1809.976716
340.0,2263,1812.343124
340.0,3169,1815.365095
80.0,1553,1816.794231
225.0,2831,1819.568712
470.0,3675,1822.979671
130.0,1753,1824.65476
280.0,2293,1826.75554
490.0,4209,1830.60099
70.0,1563,1832.036461
220.0,2453,1834.287253
570.0,4433,1838.330113
350.0,2583,1840.713883
385.0,3715,1844.304937
420.0,2991,1847.101416
515.0,3488,1850.370228
230.0,2805,1853.012423
495.0,3581,1856.434352
510.0,3431,1859.71923
280.0,2695,1862.285486
540.0,3094,1865.350671
460.0,3263,1868.381348
670.0,4833,1872.973444
485.0,3233,1876.031467
190.0,2733,1878.599709
290.0,3207,1881.605461
580.0,4249,1885.742954
315.0,2869,1888.671522
575.0,4149,1892.794953
525.0,4569,1907.279965
660.0,3433,1911.018647
95.0,1743,1912.902197
665.0,3865,1916.834321
190.0,2211,1918.910986
375.0,3285,1922.007473
270.0,2807,1924.599578
520.0,3537,1927.883644
520.0,4175,1931.963893
375.0,2635,1934.602704
470.0,3557,1938.194626
250.0,2821,1940.778879
315.0,2567,1943.169576
395.0,2903,1945.900675
290.0,2273,1947.976771
545.0,4295,1951.957699
540.0,3952,1955.778583
395.0,3063,1958.823333
520.0,3841,1962.365541
420.0,3385,1965.714075
415.0,3813,1969.319076
510.0,4171,1973.289289
385.0,3001,1976.240348
230.0,2441,1978.611749
290.0,2667,1981.525398
410.0,3169,1984.743449
445.0,3561,1988.278893
520.0,3925,1992.093853
570.0,3765,1995.771228
740.0,4162,1999.78421
570.0,3811,2003.530756
310.0,2476,2013.728728
430.0,3803,2017.263649
240.0,2371,2019.477533
310.0,2247,2021.573851
225.0,2391,2023.796636
470.0,5017,2028.574854
375.0,3107,2031.468989
495.0,3737,2034.92003
550.0,3401,2038.125411
430.0,3393,2041.314312
800.0,4503,2045.567854
390.0,2935,2048.4968
470.0,4117,2052.350623
330.0,2455,2054.661408
550.0,4211,2058.646895
510.0,4183,2062.819101
350.0,3095,2065.894192
195.0,2241,2068.1453
430.0,3861,2072.222468
480.0,4585,2077.311212
565.0,3825,2081.160436
895.0,5879,2086.937846
225.0,2563,2089.451958
515.0,3041,2092.409035
400.0,3183,2095.498182
450.0,3249,2098.723445
525.0,3723,2102.812247
360.0,3257,2106.370622
150.0,1519,2107.84345
290.0,2423,2110.200626
605.0,3441,2119.451298
250.0,3227,2122.692756
415.0,3649,2126.27408
305.0,2311,2128.735792
455.0,3895,2132.626264
580.0,4240,2136.747344
315.0,2629,2139.323502
495.0,4189,2143.415273
465.0,3195,2146.547261
745.0,3923,2150.367186
65.0,1087,2151.521706
480.0,3397,2154.862971
180.0,1999,2156.85347
470.0,3591,2160.402158
570.0,4037,2164.321092
495.0,4127,2168.325135
515.0,3965,2172.147276
485.0,3541,2175.621402
530.0,3296,2179.277757
225.0,2085,2181.347298
660.0,3251,2184.340658
470.0,4371,2188.329561
400.0,2765,2190.891388
470.0,3831,2194.442649
675.0,3543,2197.737336
665.0,3271,2200.733642
380.0,3153,2203.782091
605.0,3401,2206.932695
575.0,4365,2210.96307
290.0,2327,2213.11611
360.0,2537,2215.492013
655.0,3097,2230.672887
380.0,2617,2233.285539
485.0,3523,2236.468268
600.0,4033,2240.143077
440.0,2999,2242.888237
520.0,4537,2246.98547
480.0,3335,2250.20778
520.0,3858,2254.424217
795.0,4290,2259.214945
575.0,4036,2263.632206
630.0,3843,2267.832054
515.0,4779,2272.505401
845.0,5147,2277.500665
540.0,4123,2281.367871
555.0,4161,2285.151994
800.0,4137,2289.020306
545.0,4639,2293.277926
570.0,4571,2297.468375
295.0,2261,2299.627464
515.0,3803,2303.135522
310.0,3488,2306.389441
460.0,4671,2310.675022
445.0,3167,2313.670498
410.0,3349,2317.006401
315.0,2591,2319.571771
240.0,2087,2321.634223
545.0,4359,2333.394565
285.0,2429,2335.969727
710.0,3973,2340.101841
215.0,2377,2342.353085
365.0,2677,2344.797024
460.0,3655,2348.163067
715.0,5343,2353.074564
610.0,3539,2356.287396
405.0,3502,2359.647806
480.0,2147,2361.625871
340.0,2612,2364.032782
700.0,4999,2368.740218
605.0,4417,2372.890181
605.0,3541,2376.427526
305.0,2533,2378.83779
695.0,3333,2381.947719
500.0,4125,2385.950568
390.0,4041,2389.725507
770.0,4590,2394.294344
470.0,3807,2398.112516
340.0,3129,2401.255193
345.0,2929,2404.368646
600.0,4405,2409.338527
465.0,3169,2412.258816
800.0,4107,2416.159484
485.0,3945,2419.962014
1285.0,7807,2427.119115
410.0,2887,2429.771031
385.0,2761,2439.883045
575.0,3180,2442.727451
775.0,4355,2446.631024
310.0,2759,2449.15033
390.0,2867,2451.897883
355.0,2938,2454.755768
445.0,3521,2458.14897
485.0,3429,2461.838747
475.0,3343,2465.035752
415.0,3935,2468.802913
515.0,4463,2473.070743
330.0,2499,2475.458394
150.0,2127,2477.514891
550.0,4185,2481.473913
410.0,3189,2484.540788
475.0,3009,2487.656242
525.0,3353,2490.869032
680.0,4589,2495.223685
390.0,2615,2497.737738
340.0,2459,2500.108633
440.0,4053,2503.9865
800.0,3893,2507.745698
605.0,3483,2511.304826
360.0,2479,2513.683394
700.0,3983,2517.496625
380.0,2849,2520.222835
470.0,3493,2523.544265
485.0,4107,2527.452946
270.0,2957,2530.287592
245.0,2397,2532.829463
755.0,4113,2547.408183
350.0,4123,2551.309554
455.0,3361,2554.633708
885.0,4981,2559.324901
590.0,3003,2562.230274
720.0,4139,2566.212859
220.0,1973,2568.103374
240.0,2431,2570.418995
525.0,4047,2574.294789
360.0,2900,2577.227696
180.0,1719,2578.924699
325.0,3195,2582.028725
450.0,3559,2585.434384
370.0,2959,2588.260254
690.0,3701,2591.67192
740.0,3465,2594.812567
510.0,3951,2598.677367
525.0,3719,2602.189118
600.0,3907,2605.865899
245.0,3117,2608.848346
555.0,2925,2611.619146
425.0,2347,2613.852676
315.0,2816,2616.513984
645.0,3347,2619.67214
295.0,2389,2622.071683
685.0,4911,2626.737578
745.0,4037,2630.552302
465.0,3039,2633.413135
745.0,3702,2636.900453
940.0,3902,2640.571037
970.0,4023,2653.826811
535.0,3993,2657.620847
600.0,3969,2661.388293
485.0,3439,2664.607601
520.0,3825,2668.230501
565.0,2575,2670.66994
525.0,3646,2674.277692
580.0,3527,2677.547772
515.0,3852,2680.989641
330.0,2999,2683.681647
250.0,1865,2685.343846
255.0,2147,2687.263428
320.0,2709,2689.685414
630.0,4099,2693.425202
495.0,3839,2696.876849
585.0,3993,2700.393854
380.0,3393,2703.415454
245.0,2412,2705.571574
320.0,2335,2707.65763
315.0,2395,2709.789144
315.0,2542,2712.038789
445.0,3051,2714.735174
285.0,2579,2717.042597
360.0,2519,2719.43679
700.0,3369,2722.417098
375.0,2709,2724.832273
580.0,4132,2728.484487
525.0,3961,2732.026504
500.0,3835,2735.445952
365.0,3344,2738.428352
710.0,4384,2742.300535
570.0,4228,2755.082155
855.0,4371,2758.942744
800.0,5175,2763.490809
425.0,3655,2766.71346
595.0,4351,2770.745205
495.0,3879,2774.177945
515.0,3111,2776.980849
570.0,3457,2780.188004
280.0,2908,2783.023121
550.0,2719,2785.647349
395.0,4213,2789.854427
1070.0,6929,2796.552818
545.0,4288,2800.610579
1085.0,7889,2808.184138
775.0,4363,2812.268042
725.0,3332,2815.459395
455.0,2345,2817.637347
545.0,3578,2820.95875
525.0,3603,2824.281851
570.0,4879,2828.760119
605.0,3569,2832.048122
530.0,4315,2836.145617
540.0,3621,2839.411572
455.0,3961,2842.962205
460.0,3659,2846.242256
600.0,5315,2860.533047
1000.0,6437,2866.306857
865.0,6847,2872.540177
525.0,4631,2876.758048
580.0,4176,2880.881893
425.0,2505,2883.295726
545.0,3308,2886.480848
445.0,2920,2889.32011
315.0,2839,2892.089506
290.0,2904,2894.877813
860.0,6817,2901.64288
295.0,3391,2904.90544
1080.0,8153,2912.293725
505.0,3957,2915.868929
505.0,2849,2918.46266
575.0,4196,2922.419105
530.0,2731,2924.888686
380.0,2703,2927.317954
360.0,2455,2929.539957
600.0,4749,2933.818956
735.0,4628,2938.033314
545.0,4663,2942.22328
515.0,4125,2946.076309
680.0,3971,2949.663929
600.0,4273,2960.212354
395.0,3509,2963.332526
385.0,3152,2966.35045
435.0,3923,2969.928315
400.0,3052,2972.824151
630.0,3244,2975.877278
740.0,4354,2979.920857
600.0,4189,2983.789692
570.0,5305,2988.746383
500.0,3281,2991.826566
300.0,2583,2994.241374
545.0,3988,2997.932372
455.0,4041,3001.649476
570.0,4397,3005.70727
665.0,4033,3009.421586
415.0,3099,3012.326597
600.0,2348,3014.6331
470.0,3647,3017.981556
775.0,2455,3020.234101
265.0,2753,3022.780549
605.0,4043,3026.444075
435.0,4291,3030.365258
450.0,3487,3033.568501
675.0,3471,3036.879882
385.0,2135,3038.850879
325.0,3441,3041.987427
725.0,4599,3046.299628
490.0,3889,3049.93153
600.0,4489,3063.864767
520.0,4495,3068.180102
605.0,4545,3072.430454
550.0,3816,3075.873751
340.0,2199,3077.880611
695.0,4113,3081.728716
775.0,4339,3086.001213
575.0,3998,3089.75105
445.0,2945,3092.533206
335.0,2653,3095.113515
570.0,3211,3098.079459
270.0,2307,3100.281632
545.0,4611,3104.618593
360.0,2284,3106.882486
480.0,2689,3109.479699
575.0,3505,3112.794024
225.0,2085,3114.727792
440.0,3575,3117.980778
600.0,3685,3121.285366
400.0,2769,3123.803714
435.0,3633,3127.145099
730.0,3555,3130.52658
480.0,2913,3133.16611
490.0,3933,3136.775
380.0,2284,3138.915749
750.0,3838,3142.503517
670.0,2993,3145.250841
640.0,3297,3148.337224
1100.0,6755,3154.905538
455.0,3543,3166.272459
600.0,3931,3170.121372
600.0,4295,3174.447795
515.0,4029,3178.381601
135.0,2015,3180.129864
715.0,4121,3183.821578
550.0,3851,3187.241412
305.0,2583,3189.537812
455.0,3849,3192.924692
545.0,3547,3196.110445
570.0,4054,3199.716375
320.0,3019,3202.581274
340.0,2348,3204.71029
430.0,3799,3208.134552
600.0,3793,3211.507475
575.0,3789,3214.844188
555.0,4345,3218.715206
475.0,3423,3221.759317
575.0,3469,3225.208146
310.0,2869,3228.428124
865.0,4633,3232.517774
1240.0,7671,3239.309391
635.0,4293,3243.115595
1605.0,7491,3249.774427
255.0,2334,3251.943959
390.0,2561,3254.349998
445.0,3811,3267.887779
685.0,3953,3271.471658
545.0,3739,3274.974464
385.0,3171,3277.809995
440.0,3941,3281.325821
750.0,4559,3285.422248
470.0,4375,3289.314601
570.0,4376,3293.189107
600.0,4223,3297.130223
600.0,4501,3301.413974
745.0,3598,3304.79524
600.0,3929,3308.580575
570.0,4313,3312.603016
320.0,2637,3315.069133
540.0,3415,3318.222781
400.0,3811,3321.892123
575.0,4264,3325.829593
720.0,4005,3329.518825
575.0,3951,3333.177472
520.0,3616,3336.522097
850.0,6867,3342.928972
225.0,3047,3345.899102
880.0,5669,3351.156542
365.0,2627,3353.61567
495.0,2591,3356.009234
685.0,3667,3359.406136
715.0,3787,3374.741555
785.0,5605,3379.968589
545.0,4059,3383.72273
1110.0,7079,3390.39436
770.0,4179,3394.236497
550.0,4395,3398.294301
545.0,4165,3402.136354
510.0,4745,3406.610394
335.0,2549,3409.064035
570.0,3841,3413.002285
340.0,3089,3416.055633
535.0,3969,3419.610154
510.0,3063,3422.442367
505.0,4899,3426.912283
575.0,4149,3430.723913
455.0,4715,3435.018171
340.0,2639,3437.41873
420.0,2796,3440.141825
600.0,4535,3444.299849
540.0,3974,3447.933283
575.0,4655,3452.194226
575.0,4416,3456.199597
690.0,3825,3460.04511
515.0,3349,3463.195279
385.0,3109,3476.246165
450.0,3633,3479.628612
720.0,5579,3484.863424
670.0,5221,3489.792323
445.0,3691,3493.112447
600.0,4439,3497.086881
295.0,2543,3499.381104
485.0,3795,3502.776157
945.0,3603,3506.029221
440.0,2379,3508.158758
445.0,2933,3510.780227
545.0,4118,3514.702227
520.0,3209,3517.62835
485.0,3963,3521.235016
570.0,4895,3525.595236
670.0,3015,3528.315777
1145.0,7569,3535.210688
460.0,3359,3538.359449
255.0,2399,3540.534241
630.0,4139,3544.252585
405.0,2348,3546.385375
805.0,4229,3550.212589
715.0,3699,3553.583904
715.0,3990,3557.204056
300.0,2385,3559.540057
270.0,2177,3561.519306
575.0,4289,3565.40717
600.0,3849,3576.318734
205.0,1875,3578.067799
600.0,4787,3582.606802
610.0,3821,3586.057677
560.0,3360,3589.07574
1235.0,7949,3596.222166
305.0,3136,3599.070237
515.0,4271,3603.055763
1130.0,7203,3609.569055
750.0,3575,3612.788423
580.0,3839,3616.233135
570.0,3615,3619.49913
935.0,7861,3626.873275
535.0,3307,3629.937495
600.0,3421,3633.094729
385.0,2847,3635.72734
575.0,4381,3639.761919
715.0,3717,3643.175956
600.0,3787,3646.811924
745.0,4591,3651.043764
525.0,4519,3655.194776
605.0,4783,3659.594141
950.0,7161,3666.207418
775.0,4116,3679.805763
550.0,4217,3683.694652
545.0,4363,3687.693854
800.0,4075,3691.386995
365.0,3389,3694.47352
540.0,3862,3698.113864
355.0,3191,3701.012089
335.0,2369,3703.182917
485.0,4139,3706.913041
700.0,3345,3709.97027
640.0,3553,3713.536449
775.0,4071,3717.59322
600.0,3903,3721.485736
390.0,3141,3724.425942
745.0,4273,3728.565333
720.0,4323,3732.643197
515.0,2596,3735.107118
800.0,4309,3739.157629
340.0,2924,3742.14024
1120.0,5974,3748.139546
1005.0,3389,3751.436859
425.0,4391,3755.671098
670.0,3521,3759.023371
490.0,3855,3762.648385
485.0,3367,3765.791087
530.0,3137,3768.97607
535.0,4047,3772.850083
540.0,3811,3787.729704
495.0,3393,3791.46787
485.0,3473,3795.304727
575.0,4323,3799.210095
385.0,3023,3801.998683
700.0,5961,3807.971192
935.0,7397,3815.091616
545.0,4297,3819.257928
395.0,3315,3822.329565
435.0,3521,3825.547738
550.0,4411,3829.46606
655.0,3803,3832.891727
555.0,4109,3836.664543
640.0,3951,3840.424569
440.0,4163,3844.447512
275.0,3744,3848.057215
585.0,3697,3851.967591
570.0,4109,3856.0041
605.0,3527,3859.612358
700.0,3617,3863.480407
500.0,3883,3867.815612
455.0,3911,3871.887569
800.0,4547,3876.082562
600.0,4329,3880.050581
485.0,3855,3883.610248
